First Name,Email,Total Activity Score
Allen,allen@company.com,450
Bob,bob@jimbo.com,415
Joe,joe@hoohoo.com,400
Phil,phil@harmonic.com,337
Karen,karen@doodle.com,305
Melanie,mel@yachoo.com,300
Dave,dave@dave.com,263
Billy,billy@willynilly.com,260
George,george@burns.com,250
Missy,missy@moon.com,236
Nancy,nancy@hohos.com,200
Marie,marie@curie.com,194
Lucille,lucille@knees.com,180
Walter,walter@lakes.com,166
Flo,flo@v8cafe.com,428